number,name,filename,category
0001,"two sum","0001_two_sum.go","arrays"
0002,"add two numbers","0002_add_two_numbers.go","linked-lists"
0003,"longest substring","0003_longest_substring.go","strings"
0004,"median sorted arrays","0004_median_sorted_arrays.go","arrays"
0005,"longest palindromic substring","0005_longest_palindromic_substring.go","strings"
0006,"zigzag conversion","0006_zigzag_conversion.go","strings"
0007,"reverse integer","0007_reverse_integer.go","math"
0008,"string to integer","0008_string_to_integer.go","strings"
0009,"palindrome number","0009_palindrome_number.go","strings"
0010,"regular expression matching","0010_regular_expression_matching.go","strings"
0011,"container with most water","0011_container_with_most_water.go","arrays"
0012,"integer to roman","0012_integer_to_roman.go","strings"
0013,"roman to integer","0013_roman_to_integer.go","strings"
0014,"longest common prefix","0014_longest_common_prefix.go","strings"
0015,"3sum","0015_3sum.go","arrays"
0016,"3sum closest","0016_3sum_closest.go","arrays"
0017,"letter combinations","0017_letter_combinations.go","strings"
0018,"4sum","0018_4sum.go","arrays"
0019,"remove nth node","0019_remove_nth_node.go","linked-lists"
0020,"valid parentheses","0020_valid_parentheses.go","arrays"
0021,"merge two sorted lists","0021_merge_two_sorted_lists.go","sorting"
0022,"generate parentheses","0022_generate_parentheses.go","strings"
0023,"merge k sorted lists","0023_merge_k_sorted_lists.go","sorting"
0024,"swap nodes in pairs","0024_swap_nodes_in_pairs.go","linked-lists"
0025,"reverse nodes in k group","0025_reverse_nodes_in_k_group.go","linked-lists"
0026,"remove duplicates from sorted array","0026_remove_duplicates_from_sorted_array.go","arrays"
0027,"remove element","0027_remove_element.go","arrays"
0028,"str str","0028_str_str.go","arrays"
0029,"divide two integers","0029_divide_two_integers.go","math"
0030,"substring with concatenation of all words","0030_substring_with_concatenation_of_all_words.go","strings"
0031,"next permutation","0031_next_permutation.go","arrays"
0032,"longest valid parentheses","0032_longest_valid_parentheses.go","arrays"
0033,"search in rotated sorted array","0033_search_in_rotated_sorted_array.go","arrays"
0034,"find first and last position","0034_find_first_and_last_position.go","arrays"
0035,"search insert position","0035_search_insert_position.go","arrays"
0036,"valid sudoku","0036_valid_sudoku.go","arrays"
0037,"sudoku solver","0037_sudoku_solver.go","arrays"
0038,"count and say","0038_count_and_say.go","strings"
0039,"combination sum","0039_combination_sum.go","arrays"
0040,"combination sum ii","0040_combination_sum_ii.go","arrays"
0041,"first missing positive","0041_first_missing_positive.go","arrays"
0042,"trapping rain water","0042_trapping_rain_water.go","arrays"
0043,"multiply strings","0043_multiply_strings.go","strings"
0044,"wildcard matching","0044_wildcard_matching.go","strings"
0045,"jump game ii","0045_jump_game_ii.go","arrays"
0046,"permutations","0046_permutations.go","arrays"
0047,"permutations ii","0047_permutations_ii.go","arrays"
0048,"rotate image","0048_rotate_image.go","arrays"
0049,"group anagrams","0049_group_anagrams.go","strings"
0050,"pow x n","0050_pow_x_n.go","math"
0051,"n queens","0051_n_queens.go","arrays"
0052,"n queens ii","0052_n_queens_ii.go","arrays"
0053,"maximum subarray","0053_maximum_subarray.go","arrays"
0054,"spiral matrix","0054_spiral_matrix.go","arrays"
0055,"jump game","0055_jump_game.go","arrays"
0056,"merge intervals","0056_merge_intervals.go","arrays"
0057,"insert interval","0057_insert_interval.go","arrays"
0058,"length of last word","0058_length_of_last_word.go","arrays"
0059,"spiral matrix ii","0059_spiral_matrix_ii.go","arrays"
0060,"permutation sequence","0060_permutation_sequence.go","arrays"
0061,"rotate list","0061_rotate_list.go","arrays"
0062,"unique paths","0062_unique_paths.go","dp"
0063,"unique paths ii","0063_unique_paths_ii.go","dp"
0064,"minimum path sum","0064_minimum_path_sum.go","arrays"
0065,"valid number","0065_valid_number.go","strings"
0066,"plus one","0066_plus_one.go","math"
0067,"add binary","0067_add_binary.go","math"
0068,"text justification","0068_text_justification.go","strings"
0069,"sqrt x","0069_sqrt_x.go","math"
0070,"climbing stairs","0070_climbing_stairs.go","dp"
0071,"simplify path","0071_simplify_path.go","strings"
0072,"edit distance","0072_edit_distance.go","dp"
0073,"set matrix zeroes","0073_set_matrix_zeroes.go","arrays"
0074,"search a 2d matrix","0074_search_a_2d_matrix.go","arrays"
0075,"sort colors","0075_sort_colors.go","arrays"
0076,"minimum window substring","0076_minimum_window_substring.go","strings"
0077,"combinations","0077_combinations.go","arrays"
0078,"subsets","0078_subsets.go","arrays"
0079,"word search","0079_word_search.go","strings"
0080,"remove duplicates ii","0080_remove_duplicates_ii.go","arrays"
0081,"search in rotated sorted array ii","0081_search_in_rotated_sorted_array_ii.go","arrays"
0082,"remove duplicates from sorted list ii","0082_remove_duplicates_from_sorted_list_ii.go","sorting"
0083,"remove duplicates from sorted list","0083_remove_duplicates_from_sorted_list.go","sorting"
0084,"largest rectangle in histogram","0084_largest_rectangle_in_histogram.go","arrays"
0085,"maximal rectangle","0085_maximal_rectangle.go","arrays"
0086,"partition list","0086_partition_list.go","linked-lists"
0087,"scramble string","0087_scramble_string.go","strings"
0088,"merge sorted array","0088_merge_sorted_array.go","arrays"
0089,"gray code","0089_gray_code.go","math"
0090,"subsets ii","0090_subsets_ii.go","arrays"
0091,"decode ways","0091_decode_ways.go","strings"
0092,"reverse linked list ii","0092_reverse_linked_list_ii.go","linked-lists"
0093,"restore ip addresses","0093_restore_ip_addresses.go","strings"
0094,"binary tree inorder traversal","0094_binary_tree_inorder_traversal.go","trees"
0095,"unique binary search trees ii","0095_unique_binary_search_trees_ii.go","trees"
0096,"unique binary search trees","0096_unique_binary_search_trees.go","trees"
0097,"interleaving string","0097_interleaving_string.go","strings"
0098,"validate binary search tree","0098_validate_binary_search_tree.go","trees"
0099,"recover binary search tree","0099_recover_binary_search_tree.go","trees"
0099,"recover binary search tree test fixed","0099_recover_binary_search_tree_test_fixed.go","trees"
0100,"same tree","0100_same_tree.go","trees"
0101,"symmetric tree","0101_symmetric_tree.go","trees"
0102,"binary tree level order traversal","0102_binary_tree_level_order_traversal.go","trees"
0103,"binary tree zigzag level order traversal","0103_binary_tree_zigzag_level_order_traversal.go","strings"
0104,"maximum depth of binary tree","0104_maximum_depth_of_binary_tree.go","trees"
0105,"construct binary tree from preorder and inorder traversal","0105_construct_binary_tree_from_preorder_and_inorder_traversal.go","trees"
0106,"construct binary tree from inorder and postorder traversal","0106_construct_binary_tree_from_inorder_and_postorder_traversal.go","trees"
0107,"binary tree level order traversal ii","0107_binary_tree_level_order_traversal_ii.go","trees"
0108,"convert sorted array to binary search tree","0108_convert_sorted_array_to_binary_search_tree.go","arrays"
0109,"convert sorted list to binary search tree","0109_convert_sorted_list_to_binary_search_tree.go","trees"
0110,"balanced binary tree","0110_balanced_binary_tree.go","trees"
0111,"minimum depth of binary tree","0111_minimum_depth_of_binary_tree.go","trees"
0112,"path sum","0112_path_sum.go","arrays"
0113,"path sum ii","0113_path_sum_ii.go","arrays"
0114,"flatten binary tree to linked list","0114_flatten_binary_tree_to_linked_list.go","linked-lists"
0115,"distinct subsequences","0115_distinct_subsequences.go","strings"
0116,"populating next right pointers in each node","0116_populating_next_right_pointers_in_each_node.go","trees"
0117,"populating next right pointers in each node ii","0117_populating_next_right_pointers_in_each_node_ii.go","trees"
0118,"pascals triangle","0118_pascals_triangle.go","dp"
0119,"pascals triangle ii","0119_pascals_triangle_ii.go","dp"
0120,"triangle","0120_triangle.go","dp"
0121,"best time to buy and sell stock","0121_best_time_to_buy_and_sell_stock.go","dp"
0122,"best time to buy and sell stock ii","0122_best_time_to_buy_and_sell_stock_ii.go","dp"
0123,"best time to buy and sell stock iii","0123_best_time_to_buy_and_sell_stock_iii.go","dp"
0124,"binary tree maximum path sum","0124_binary_tree_maximum_path_sum.go","arrays"
0125,"valid palindrome","0125_valid_palindrome.go","strings"
0126,"word ladder ii","0126_word_ladder_ii.go","strings"
0127,"word ladder","0127_word_ladder.go","strings"
0128,"longest consecutive sequence","0128_longest_consecutive_sequence.go","arrays"
0129,"sum root to leaf numbers","0129_sum_root_to_leaf_numbers.go","arrays"
0130,"surrounded regions","0130_surrounded_regions.go","trees"
0131,"palindrome partitioning","0131_palindrome_partitioning.go","strings"
0132,"palindrome partitioning ii","0132_palindrome_partitioning_ii.go","strings"
0133,"clone graph","0133_clone_graph.go","trees"
0134,"gas station","0134_gas_station.go","arrays"
0135,"candy","0135_candy.go","arrays"
0136,"single number","0136_single_number.go","math"
0137,"single number ii","0137_single_number_ii.go","math"
0138,"copy list with random pointer","0138_copy_list_with_random_pointer.go","linked-lists"
0139,"word break","0139_word_break.go","strings"
0140,"word break ii","0140_word_break_ii.go","strings"
0141,"linked list cycle","0141_linked_list_cycle.go","linked-lists"
0142,"linked list cycle ii","0142_linked_list_cycle_ii.go","linked-lists"
0143,"reorder list","0143_reorder_list.go","linked-lists"
0144,"binary tree preorder traversal","0144_binary_tree_preorder_traversal.go","trees"
0145,"binary tree postorder traversal","0145_binary_tree_postorder_traversal.go","trees"
0146,"lru cache","0146_lru_cache.go","design"
0147,"insertion sort list","0147_insertion_sort_list.go","linked-lists"
0148,"sort list","0148_sort_list.go","linked-lists"
0149,"max points on a line","0149_max_points_on_a_line.go","arrays"
0150,"evaluate reverse polish notation","0150_evaluate_reverse_polish_notation.go","arrays"
0151,"reverse words in a string","0151_reverse_words_in_a_string.go","strings"
0152,"maximum product subarray","0152_maximum_product_subarray.go","arrays"
0153,"find minimum in rotated sorted array","0153_find_minimum_in_rotated_sorted_array.go","arrays"
0154,"find minimum in rotated sorted array ii","0154_find_minimum_in_rotated_sorted_array_ii.go","arrays"
0155,"min stack","0155_min_stack.go","design"
0156,"binary tree upside down","0156_binary_tree_upside_down.go","trees"
0157,"read n characters given read4","0157_read_n_characters_given_read4.go","arrays"
0158,"read n characters given read4 ii call multiple times","0158_read_n_characters_given_read4_ii_call_multiple_times.go","arrays"
0159,"longest substring with at most two distinct characters","0159_longest_substring_with_at_most_two_distinct_characters.go","strings"
0160,"intersection of two linked lists","0160_intersection_of_two_linked_lists.go","linked-lists"
0161,"one edit distance","0161_one_edit_distance.go","dp"
0162,"find peak element","0162_find_peak_element.go","sorting"
0163,"missing ranges","0163_missing_ranges.go","arrays"
0164,"maximum gap","0164_maximum_gap.go","arrays"
0165,"compare version numbers","0165_compare_version_numbers.go","math"
0166,"fraction to recurring decimal","0166_fraction_to_recurring_decimal.go","arrays"
0167,"two sum ii input array is sorted","0167_two_sum_ii_input_array_is_sorted.go","arrays"
0168,"excel sheet column title","0168_excel_sheet_column_title.go","math"
0169,"majority element","0169_majority_element.go","arrays"
0170,"two sum iii data structure design","0170_two_sum_iii_data_structure_design.go","arrays"
0171,"excel sheet column number","0171_excel_sheet_column_number.go","math"
0172,"factorial trailing zeroes","0172_factorial_trailing_zeroes.go","math"
0173,"binary search tree iterator","0173_binary_search_tree_iterator.go","trees"
0174,"dungeon game","0174_dungeon_game.go","arrays"
0175,"combine two tables","0175_combine_two_tables.go","arrays"
0176,"second highest salary","0176_second_highest_salary.go","arrays"
0177,"nth highest salary","0177_nth_highest_salary.go","arrays"
0178,"rank scores","0178_rank_scores.go","arrays"
0179,"largest number","0179_largest_number.go","sorting"
0180,"consecutive numbers","0180_consecutive_numbers.go","math"
0181,"employees earning more than their managers","0181_employees_earning_more_than_their_managers.go","arrays"
0182,"duplicate emails","0182_duplicate_emails.go","arrays"
0183,"customers who never order","0183_customers_who_never_order.go","arrays"
0184,"department highest salary","0184_department_highest_salary.go","arrays"
0185,"department top three salaries","0185_department_top_three_salaries.go","arrays"
0188,"best time to buy and sell stock iv","0188_best_time_to_buy_and_sell_stock_iv.go","dp"
0189,"rotate array","0189_rotate_array.go","arrays"
0190,"reverse bits","0190_reverse_bits.go","arrays"
